<simulation verbosity='medium'>
  <output prefix='simulation'>
    <properties filename='out' stride='50' flush='10'>  [ step, time{picosecond}, conserved, temperature{kelvin}, potential ] </properties>
    <trajectory filename='pos' stride='50' flush='100' format='ase'> positions </trajectory>
    <checkpoint stride='200'/>
  </output>
  <total_steps> 100000 </total_steps>
  <prng>
    <seed>32415</seed>
  </prng>
  <ffsocket name='macemp' mode='unix' pbc='false'>
    <address>driver_6</address>
  </ffsocket>
  <system>
    <initialize nbeads='1'>
      <file mode='xyz'> init.xyz </file>
      <velocities mode='thermal' units='kelvin'> 100 </velocities>
    </initialize>
    <forces>
      <force forcefield='macemp' weight='1'> </force>
    </forces>
    <motion mode='dynamics'>
      <fixcom> True </fixcom>
      <dynamics mode='nvt'>
        <timestep units='femtosecond'> 0.50 </timestep>
        <thermostat mode='svr'>
          <tau units='femtosecond'> 100 </tau>
        </thermostat>
      </dynamics>
    </motion>
    <ensemble>
      <temperature units='kelvin'> 100 </temperature>
    </ensemble>
  </system>
</simulation>
